Model,Length RMSE
Linear,3.6537208459176496
SVR,3.6968526605596965
LGBM,3.572238373245568
Random Forest,3.5909166327944573
Gradient Boosting,3.5936408343807114
MLP,3.648454671510159
