Model,Size RMSE
Linear,0.7593951520333333
SVR,0.7565659616216438
LGBM,0.7367117915155948
Random Forest,0.7672652572317623
Gradient Boosting,0.7375533550499928
MLP,0.7347257573309298
